CREATE DATABASE online_store;
USE online_store;

CREATE TABLE IF NOT EXISTS `django_migrations` (`id` integer NOT NULL PRIMARY KEY , `app` varchar(255) NOT NULL, `name` varchar(255) NOT NULL, `applied` datetime NOT NULL);
INSERT INTO django_migrations VALUES(1,'contenttypes','0001_initial','2020-04-19 15:22:15.194284');
INSERT INTO django_migrations VALUES(2,'auth','0001_initial','2020-04-19 15:22:15.215700');
INSERT INTO django_migrations VALUES(3,'admin','0001_initial','2020-04-19 15:22:15.237381');
INSERT INTO django_migrations VALUES(4,'admin','0002_logentry_remove_auto_add','2020-04-19 15:22:15.258306');
INSERT INTO django_migrations VALUES(5,'admin','0003_logentry_add_action_flag_choices','2020-04-19 15:22:15.292659');
INSERT INTO django_migrations VALUES(6,'contenttypes','0002_remove_content_type_name','2020-04-19 15:22:15.321347');
INSERT INTO django_migrations VALUES(7,'auth','0002_alter_permission_name_max_length','2020-04-19 15:22:15.346583');
INSERT INTO django_migrations VALUES(8,'auth','0003_alter_user_email_max_length','2020-04-19 15:22:15.371979');
INSERT INTO django_migrations VALUES(9,'auth','0004_alter_user_username_opts','2020-04-19 15:22:15.392042');
INSERT INTO django_migrations VALUES(10,'auth','0005_alter_user_last_login_null','2020-04-19 15:22:15.411494');
INSERT INTO django_migrations VALUES(11,'auth','0006_require_contenttypes_0002','2020-04-19 15:22:15.420389');
INSERT INTO django_migrations VALUES(12,'auth','0007_alter_validators_add_error_messages','2020-04-19 15:22:15.439597');
INSERT INTO django_migrations VALUES(13,'auth','0008_alter_user_username_max_length','2020-04-19 15:22:15.458776');
INSERT INTO django_migrations VALUES(14,'auth','0009_alter_user_last_name_max_length','2020-04-19 15:22:15.476134');
INSERT INTO django_migrations VALUES(15,'auth','0010_alter_group_name_max_length','2020-04-19 15:22:15.492670');
INSERT INTO django_migrations VALUES(16,'auth','0011_update_proxy_permissions','2020-04-19 15:22:15.508996');
INSERT INTO django_migrations VALUES(17,'sessions','0001_initial','2020-04-19 15:22:15.518801');
INSERT INTO django_migrations VALUES(18,'shop','0001_initial','2020-04-19 15:22:46.846782');
INSERT INTO django_migrations VALUES(19,'orders','0001_initial','2020-04-19 15:22:46.872014');
INSERT INTO django_migrations VALUES(20,'shop','0002_auto_20200419_1725','2020-04-19 17:25:24.675484');
INSERT INTO django_migrations VALUES(21,'orders','0002_auto_20200420_1539','2020-04-20 15:39:32.214226');
INSERT INTO django_migrations VALUES(22,'shop','0003_product_price','2020-04-20 16:45:53.308289');
INSERT INTO django_migrations VALUES(23,'orders','0003_auto_20200420_1707','2020-04-20 17:07:40.757296');
INSERT INTO django_migrations VALUES(24,'shop','0004_auto_20200420_1707','2020-04-20 17:07:40.773373');
INSERT INTO django_migrations VALUES(25,'orders','0004_auto_20200420_1712','2020-04-20 17:12:22.667413');
INSERT INTO django_migrations VALUES(26,'shop','0005_productimg_is_main','2020-04-21 12:51:33.211745');
INSERT INTO django_migrations VALUES(27,'shop','0006_auto_20200421_1635','2020-04-21 16:36:00.931798');
INSERT INTO django_migrations VALUES(28,'orders','0005_productinbasket','2020-04-22 16:24:39.812284');
INSERT INTO django_migrations VALUES(29,'orders','0006_productinbasket_session_key','2020-04-22 16:30:10.528462');
INSERT INTO django_migrations VALUES(30,'orders','0007_auto_20200422_1701','2020-04-22 17:01:28.038575');
INSERT INTO django_migrations VALUES(31,'orders','0008_auto_20200422_2210','2020-04-22 22:10:18.053360');
INSERT INTO django_migrations VALUES(32,'orders','0009_auto_20200422_2210','2020-04-22 22:10:59.517957');
INSERT INTO django_migrations VALUES(33,'orders','0010_order_user','2020-04-30 10:58:10.120071');
INSERT INTO django_migrations VALUES(34,'orders','0011_order_name_item','2020-05-01 12:51:43.182191');
INSERT INTO django_migrations VALUES(35,'orders','0012_remove_order_name_item','2020-05-02 05:24:45.582084');
CREATE TABLE IF NOT EXISTS `auth_group_permissions` (`id` integer NOT NULL PRIMARY KEY , `group_id` integer NOT NULL REFERENCES `auth_group` (`id`) , `permission_id` integer NOT NULL REFERENCES `auth_permission` (`id`) );
CREATE TABLE IF NOT EXISTS `auth_user_groups` (`id` integer NOT NULL PRIMARY KEY , `user_id` integer NOT NULL REFERENCES `auth_user` (`id`) , `group_id` integer NOT NULL REFERENCES `auth_group` (`id`) );
CREATE TABLE IF NOT EXISTS `auth_user_user_permissions` (`id` integer NOT NULL PRIMARY KEY , `user_id` integer NOT NULL REFERENCES `auth_user` (`id`) , `permission_id` integer NOT NULL REFERENCES `auth_permission` (`id`) );
CREATE TABLE IF NOT EXISTS `django_admin_log` (`id` integer NOT NULL PRIMARY KEY , `action_time` datetime NOT NULL, `object_id` text NULL, `object_repr` varchar(200) NOT NULL, `change_message` text NOT NULL, `content_type_id` integer NULL REFERENCES `django_content_type` (`id`) , `user_id` integer NOT NULL REFERENCES `auth_user` (`id`) , `action_flag` smallint unsigned NOT NULL CHECK (`action_flag` >= 0));
INSERT INTO django_admin_log VALUES(1,'2020-04-20 16:21:13.498768','1','Apple MacBook Pro 13','[{`added`: {}}, {`added`: {`name`: `\u0424\u043e\u0442\u043e\u0433\u0440\u0430\u0444\u0438\u044f`, `object`: `1`}}, {`added`: {`name`: `\u0424\u043e\u0442\u043e\u0433\u0440\u0430\u0444\u0438\u044f`, `object`: `2`}}, {`added`: {`name`: `\u0424\u043e\u0442\u043e\u0433\u0440\u0430\u0444\u0438\u044f`, `object`: `3`}}]',8,1,1);
INSERT INTO django_admin_log VALUES(2,'2020-04-20 16:25:53.230376','2','Apple MacBook Pro 13','[{`added`: {}}, {`added`: {`name`: `\u0424\u043e\u0442\u043e\u0433\u0440\u0430\u0444\u0438\u044f`, `object`: `4`}}, {`added`: {`name`: `\u0424\u043e\u0442\u043e\u0433\u0440\u0430\u0444\u0438\u044f`, `object`: `5`}}, {`added`: {`name`: `\u0424\u043e\u0442\u043e\u0433\u0440\u0430\u0444\u0438\u044f`, `object`: `6`}}]',8,1,1);
INSERT INTO django_admin_log VALUES(3,'2020-04-20 16:30:11.978610','3','Apple MacBook Pro 16','[{`added`: {}}, {`added`: {`name`: `\u0424\u043e\u0442\u043e\u0433\u0440\u0430\u0444\u0438\u044f`, `object`: `7`}}, {`added`: {`name`: `\u0424\u043e\u0442\u043e\u0433\u0440\u0430\u0444\u0438\u044f`, `object`: `8`}}, {`added`: {`name`: `\u0424\u043e\u0442\u043e\u0433\u0440\u0430\u0444\u0438\u044f`, `object`: `9`}}]',8,1,1);
INSERT INTO django_admin_log VALUES(4,'2020-04-20 16:33:47.047855','4','Apple Watch Series 5','[{`added`: {}}, {`added`: {`name`: `\u0424\u043e\u0442\u043e\u0433\u0440\u0430\u0444\u0438\u044f`, `object`: `10`}}, {`added`: {`name`: `\u0424\u043e\u0442\u043e\u0433\u0440\u0430\u0444\u0438\u044f`, `object`: `11`}}]',8,1,1);
INSERT INTO django_admin_log VALUES(5,'2020-04-20 16:35:03.222104','5','Apple Watch Series 3','[{`added`: {}}, {`added`: {`name`: `\u0424\u043e\u0442\u043e\u0433\u0440\u0430\u0444\u0438\u044f`, `object`: `12`}}, {`added`: {`name`: `\u0424\u043e\u0442\u043e\u0433\u0440\u0430\u0444\u0438\u044f`, `object`: `13`}}]',8,1,1);
INSERT INTO django_admin_log VALUES(6,'2020-04-20 16:36:00.128833','6','Apple Watch Nike Series 5','[{`added`: {}}, {`added`: {`name`: `\u0424\u043e\u0442\u043e\u0433\u0440\u0430\u0444\u0438\u044f`, `object`: `14`}}, {`added`: {`name`: `\u0424\u043e\u0442\u043e\u0433\u0440\u0430\u0444\u0438\u044f`, `object`: `15`}}]',8,1,1);
INSERT INTO django_admin_log VALUES(7,'2020-04-20 17:03:36.696916','1','191990 Apple MacBook Pro 13','[{`changed`: {`fields`: [`Price`]}}]',8,1,2);
INSERT INTO django_admin_log VALUES(8,'2020-04-20 17:03:59.785114','2','155990 Apple MacBook Pro 13','[{`changed`: {`fields`: [`Price`]}}]',8,1,2);
INSERT INTO django_admin_log VALUES(9,'2020-04-20 17:04:11.160684','3','382990 Apple MacBook Pro 16','[{`changed`: {`fields`: [`Price`]}}]',8,1,2);
INSERT INTO django_admin_log VALUES(10,'2020-04-20 17:04:22.735144','4','34990 Apple Watch Series 5','[{`changed`: {`fields`: [`Price`]}}]',8,1,2);
INSERT INTO django_admin_log VALUES(11,'2020-04-20 17:04:35.600236','5','15990 Apple Watch Series 3','[{`changed`: {`fields`: [`Price`]}}]',8,1,2);
INSERT INTO django_admin_log VALUES(12,'2020-04-20 17:04:47.445648','6','34990 Apple Watch Nike Series 5','[{`changed`: {`fields`: [`Price`]}}]',8,1,2);
INSERT INTO django_admin_log VALUES(13,'2020-04-20 17:09:24.469733','1','Статус Обработка','[{`added`: {}}]',11,1,1);
INSERT INTO django_admin_log VALUES(14,'2020-04-20 17:09:39.203774','2','Статус Отгрузка и отправка','[{`added`: {}}]',11,1,1);
INSERT INTO django_admin_log VALUES(15,'2020-04-20 17:09:46.187219','3','Статус В пути','[{`added`: {}}]',11,1,1);
INSERT INTO django_admin_log VALUES(16,'2020-04-20 17:18:03.548552','1','Заказ 1 Статус заказа Обработка','[{`added`: {}}, {`added`: {`name`: `\u0422\u043e\u0432\u0430\u0440`, `object`: `Apple MacBook Pro 16`}}, {`added`: {`name`: `\u0422\u043e\u0432\u0430\u0440`, `object`: `Apple Watch Series 5`}}]',10,1,1);
INSERT INTO django_admin_log VALUES(17,'2020-04-20 17:23:10.110355','1','Заказ 1 Статус заказа Обработка','[]',10,1,2);
INSERT INTO django_admin_log VALUES(18,'2020-04-20 17:23:17.092799','1','Заказ 1 Статус заказа Обработка','[{`deleted`: {`name`: `\u0422\u043e\u0432\u0430\u0440`, `object`: `Apple Watch Series 5`}}]',10,1,2);
INSERT INTO django_admin_log VALUES(19,'2020-04-20 17:23:27.276359','1','Заказ 1 Статус заказа Обработка','[{`changed`: {`name`: `\u0422\u043e\u0432\u0430\u0440`, `object`: `Apple MacBook Pro 16`, `fields`: [`Nmb`]}}]',10,1,2);
INSERT INTO django_admin_log VALUES(20,'2020-04-20 17:26:55.046118','2','Заказ 2 Статус заказа Обработка','[{`added`: {}}, {`added`: {`name`: `\u0422\u043e\u0432\u0430\u0440`, `object`: `Apple MacBook Pro 16`}}]',10,1,1);
INSERT INTO django_admin_log VALUES(21,'2020-04-20 17:27:06.419214','2','Заказ 2 Статус заказа Обработка','[{`added`: {`name`: `\u0422\u043e\u0432\u0430\u0440`, `object`: `Apple Watch Nike Series 5`}}]',10,1,2);
INSERT INTO django_admin_log VALUES(22,'2020-04-21 12:55:54.870677','1','1','[{`changed`: {`fields`: [`Is main`]}}]',7,1,2);
INSERT INTO django_admin_log VALUES(23,'2020-04-21 12:56:10.573416','2','2','[{`changed`: {`fields`: [`Is main`]}}]',7,1,2);
INSERT INTO django_admin_log VALUES(24,'2020-04-21 12:56:14.623157','3','3','[{`changed`: {`fields`: [`Is main`]}}]',7,1,2);
INSERT INTO django_admin_log VALUES(25,'2020-04-21 12:56:18.717967','4','4','[{`changed`: {`fields`: [`Is main`]}}]',7,1,2);
INSERT INTO django_admin_log VALUES(26,'2020-04-21 12:56:22.550459','5','5','[{`changed`: {`fields`: [`Is main`]}}]',7,1,2);
INSERT INTO django_admin_log VALUES(27,'2020-04-21 12:56:34.055017','2','2','[{`changed`: {`fields`: [`Is main`]}}]',7,1,2);
INSERT INTO django_admin_log VALUES(28,'2020-04-21 12:56:37.768098','3','3','[{`changed`: {`fields`: [`Is main`]}}]',7,1,2);
INSERT INTO django_admin_log VALUES(29,'2020-04-21 12:56:46.606274','5','5','[{`changed`: {`fields`: [`Is main`]}}]',7,1,2);
INSERT INTO django_admin_log VALUES(30,'2020-04-21 12:56:49.783433','4','4','[{`changed`: {`fields`: [`Is main`]}}]',7,1,2);
INSERT INTO django_admin_log VALUES(31,'2020-04-21 12:56:56.903929','4','4','[{`changed`: {`fields`: [`Is main`]}}]',7,1,2);
INSERT INTO django_admin_log VALUES(32,'2020-04-21 12:57:02.166558','7','7','[{`changed`: {`fields`: [`Is main`]}}]',7,1,2);
INSERT INTO django_admin_log VALUES(33,'2020-04-21 12:57:17.399247','10','10','[{`changed`: {`fields`: [`Is main`]}}]',7,1,2);
INSERT INTO django_admin_log VALUES(34,'2020-04-21 12:57:23.895969','12','12','[{`changed`: {`fields`: [`Is main`]}}]',7,1,2);
INSERT INTO django_admin_log VALUES(35,'2020-04-21 12:57:52.367875','14','14','[{`changed`: {`fields`: [`Is main`]}}]',7,1,2);
INSERT INTO django_admin_log VALUES(36,'2020-04-21 12:58:07.671906','15','15','[{`changed`: {`fields`: [`Image`]}}]',7,1,2);
INSERT INTO django_admin_log VALUES(37,'2020-04-21 16:39:05.324791','1','Laptop','[{`added`: {}}]',12,1,1);
INSERT INTO django_admin_log VALUES(38,'2020-04-21 16:39:11.269655','2','Phone','[{`added`: {}}]',12,1,1);
INSERT INTO django_admin_log VALUES(39,'2020-04-21 16:40:19.813707','3','Watch','[{`added`: {}}]',12,1,1);
INSERT INTO django_admin_log VALUES(40,'2020-04-21 16:40:28.483630','1','Apple MacBook Pro 13 Цена 191990','[{`changed`: {`fields`: [`Type`]}}]',8,1,2);
INSERT INTO django_admin_log VALUES(41,'2020-04-21 16:40:35.091288','2','Apple MacBook Pro 13 Цена 155990','[{`changed`: {`fields`: [`Type`]}}]',8,1,2);
INSERT INTO django_admin_log VALUES(42,'2020-04-21 16:40:40.442148','3','Apple MacBook Pro 16 Цена 382990','[{`changed`: {`fields`: [`Type`]}}]',8,1,2);
INSERT INTO django_admin_log VALUES(43,'2020-04-21 16:40:59.680939','4','Apple Watch Series 5 Цена 34990','[{`changed`: {`fields`: [`Type`]}}]',8,1,2);
INSERT INTO django_admin_log VALUES(44,'2020-04-21 16:41:06.008587','5','Apple Watch Series 3 Цена 15990','[{`changed`: {`fields`: [`Type`]}}]',8,1,2);
INSERT INTO django_admin_log VALUES(45,'2020-04-21 16:41:12.551916','6','Apple Watch Nike Series 5 Цена 34990','[{`changed`: {`fields`: [`Type`]}}]',8,1,2);
INSERT INTO django_admin_log VALUES(46,'2020-04-22 17:05:29.832154','9','Apple MacBook Pro 13','',13,1,3);
INSERT INTO django_admin_log VALUES(47,'2020-04-22 17:05:29.845205','8','Apple MacBook Pro 13','',13,1,3);
INSERT INTO django_admin_log VALUES(48,'2020-04-22 17:05:29.857831','7','Apple MacBook Pro 13','',13,1,3);
INSERT INTO django_admin_log VALUES(49,'2020-04-22 17:05:29.865494','6','Apple MacBook Pro 13','',13,1,3);
INSERT INTO django_admin_log VALUES(50,'2020-04-22 17:05:29.876017','5','Apple MacBook Pro 13','',13,1,3);
INSERT INTO django_admin_log VALUES(51,'2020-04-22 17:05:29.888793','4','Apple MacBook Pro 13','',13,1,3);
INSERT INTO django_admin_log VALUES(52,'2020-04-22 17:05:29.898902','3','Apple MacBook Pro 13','',13,1,3);
INSERT INTO django_admin_log VALUES(53,'2020-04-22 17:05:29.906382','2','Apple MacBook Pro 13','',13,1,3);
INSERT INTO django_admin_log VALUES(54,'2020-04-22 17:05:29.919082','1','Apple MacBook Pro 13','',13,1,3);
INSERT INTO django_admin_log VALUES(55,'2020-04-22 21:16:24.363725','37','Apple Watch Series 5','',13,1,3);
INSERT INTO django_admin_log VALUES(56,'2020-04-22 21:16:24.376465','36','Apple MacBook Pro 13','',13,1,3);
INSERT INTO django_admin_log VALUES(57,'2020-04-22 21:16:24.388562','35','Apple MacBook Pro 13','',13,1,3);
INSERT INTO django_admin_log VALUES(58,'2020-04-22 21:16:24.396914','34','Apple MacBook Pro 13','',13,1,3);
INSERT INTO django_admin_log VALUES(59,'2020-04-22 21:16:24.404513','33','Apple MacBook Pro 13','',13,1,3);
INSERT INTO django_admin_log VALUES(60,'2020-04-22 21:16:24.416135','32','Apple MacBook Pro 13','',13,1,3);
INSERT INTO django_admin_log VALUES(61,'2020-04-22 21:16:24.426681','31','Apple MacBook Pro 13','',13,1,3);
INSERT INTO django_admin_log VALUES(62,'2020-04-22 21:16:24.434730','30','Apple MacBook Pro 13','',13,1,3);
INSERT INTO django_admin_log VALUES(63,'2020-04-22 21:16:24.446252','29','Apple MacBook Pro 13','',13,1,3);
INSERT INTO django_admin_log VALUES(64,'2020-04-22 21:16:24.457956','28','Apple MacBook Pro 13','',13,1,3);
INSERT INTO django_admin_log VALUES(65,'2020-04-22 21:16:24.465543','27','Apple MacBook Pro 13','',13,1,3);
INSERT INTO django_admin_log VALUES(66,'2020-04-22 21:16:24.475373','26','Apple MacBook Pro 13','',13,1,3);
INSERT INTO django_admin_log VALUES(67,'2020-04-22 21:16:24.486880','25','Apple MacBook Pro 13','',13,1,3);
INSERT INTO django_admin_log VALUES(68,'2020-04-22 21:16:24.496323','24','Apple MacBook Pro 13','',13,1,3);
INSERT INTO django_admin_log VALUES(69,'2020-04-22 21:16:24.503899','23','Apple MacBook Pro 13','',13,1,3);
INSERT INTO django_admin_log VALUES(70,'2020-04-22 21:16:24.515492','22','Apple MacBook Pro 13','',13,1,3);
INSERT INTO django_admin_log VALUES(71,'2020-04-22 21:16:24.527202','21','Apple MacBook Pro 13','',13,1,3);
INSERT INTO django_admin_log VALUES(72,'2020-04-22 21:16:24.534770','20','Apple MacBook Pro 13','',13,1,3);
INSERT INTO django_admin_log VALUES(73,'2020-04-22 21:16:24.544435','19','Apple MacBook Pro 13','',13,1,3);
INSERT INTO django_admin_log VALUES(74,'2020-04-22 21:16:24.556055','18','Apple MacBook Pro 13','',13,1,3);
INSERT INTO django_admin_log VALUES(75,'2020-04-22 21:16:24.565462','17','Apple MacBook Pro 13','',13,1,3);
INSERT INTO django_admin_log VALUES(76,'2020-04-22 21:16:24.572974','16','Apple MacBook Pro 13','',13,1,3);
INSERT INTO django_admin_log VALUES(77,'2020-04-22 21:16:24.584371','15','Apple MacBook Pro 13','',13,1,3);
INSERT INTO django_admin_log VALUES(78,'2020-04-22 21:16:24.594705','14','Apple MacBook Pro 13','',13,1,3);
INSERT INTO django_admin_log VALUES(79,'2020-04-22 21:16:24.602105','13','Apple Watch Series 3','',13,1,3);
INSERT INTO django_admin_log VALUES(80,'2020-04-22 21:16:24.612742','12','Apple MacBook Pro 13','',13,1,3);
INSERT INTO django_admin_log VALUES(81,'2020-04-22 21:16:24.624502','11','Apple MacBook Pro 13','',13,1,3);
INSERT INTO django_admin_log VALUES(82,'2020-04-22 21:16:24.632068','10','Apple MacBook Pro 13','',13,1,3);
INSERT INTO django_admin_log VALUES(83,'2020-04-22 22:30:29.067396','41','Apple MacBook Pro 13','',13,1,3);
INSERT INTO django_admin_log VALUES(84,'2020-04-22 22:30:29.079566','40','Apple MacBook Pro 13','',13,1,3);
INSERT INTO django_admin_log VALUES(85,'2020-04-22 22:30:29.088613','39','Apple MacBook Pro 13','',13,1,3);
INSERT INTO django_admin_log VALUES(86,'2020-04-22 22:30:41.257590','43','Apple Watch Nike Series 5','',13,1,3);
INSERT INTO django_admin_log VALUES(87,'2020-04-22 23:06:21.301135','44','Apple Watch Nike Series 5','',13,1,3);
INSERT INTO django_admin_log VALUES(88,'2020-04-22 23:06:21.312593','42','Apple MacBook Pro 13','',13,1,3);
INSERT INTO django_admin_log VALUES(89,'2020-04-22 23:06:21.320639','38','Apple Watch Series 5','',13,1,3);
INSERT INTO django_admin_log VALUES(90,'2020-04-23 15:18:56.566135','48','Apple Watch Nike Series 5','',13,1,3);
INSERT INTO django_admin_log VALUES(91,'2020-04-23 15:18:56.577150','47','Apple Watch Series 3','',13,1,3);
INSERT INTO django_admin_log VALUES(92,'2020-04-23 15:18:56.584921','46','Apple MacBook Pro 16','',13,1,3);
INSERT INTO django_admin_log VALUES(93,'2020-04-23 15:18:56.596487','45','Apple Watch Series 5','',13,1,3);
INSERT INTO django_admin_log VALUES(94,'2020-04-23 15:35:14.239373','49','Apple MacBook Pro 16','',13,1,3);
INSERT INTO django_admin_log VALUES(95,'2020-04-23 15:36:15.534732','50','Apple MacBook Pro 16','',13,1,3);
INSERT INTO django_admin_log VALUES(96,'2020-04-23 15:38:09.632955','51','Apple MacBook Pro 16','',13,1,3);
INSERT INTO django_admin_log VALUES(97,'2020-04-23 17:37:03.550997','53','Apple Watch Series 3','',13,1,3);
INSERT INTO django_admin_log VALUES(98,'2020-04-23 17:37:03.559763','52','Apple MacBook Pro 16','',13,1,3);
INSERT INTO django_admin_log VALUES(99,'2020-04-27 10:12:30.642871','123','Apple Watch Nike Series 5','',13,1,3);
INSERT INTO django_admin_log VALUES(100,'2020-04-27 10:12:30.651049','122','Apple MacBook Pro 13','',13,1,3);
INSERT INTO django_admin_log VALUES(101,'2020-04-27 10:12:30.662935','121','Apple MacBook Pro 16','',13,1,3);
INSERT INTO django_admin_log VALUES(102,'2020-04-30 11:54:18.022732','2','Заказ 2 Статус заказа Обработка','',10,1,3);
INSERT INTO django_admin_log VALUES(103,'2020-04-30 11:54:18.031434','1','Заказ 1 Статус заказа Обработка','',10,1,3);
INSERT INTO django_admin_log VALUES(104,'2020-04-30 12:58:53.325665','8','Заказ 8 Статус заказа Обработка','',10,1,3);
INSERT INTO django_admin_log VALUES(105,'2020-04-30 12:58:53.334536','7','Заказ 7 Статус заказа Обработка','',10,1,3);
INSERT INTO django_admin_log VALUES(106,'2020-04-30 12:58:53.344642','6','Заказ 6 Статус заказа Обработка','',10,1,3);
INSERT INTO django_admin_log VALUES(107,'2020-04-30 12:58:53.355814','5','Заказ 5 Статус заказа Обработка','',10,1,3);
INSERT INTO django_admin_log VALUES(108,'2020-04-30 12:58:53.365217','4','Заказ 4 Статус заказа Обработка','',10,1,3);
INSERT INTO django_admin_log VALUES(109,'2020-04-30 12:58:53.373049','3','Заказ 3 Статус заказа Обработка','',10,1,3);
INSERT INTO django_admin_log VALUES(110,'2020-04-30 13:08:32.437045','14','Заказ 14 Статус заказа Обработка','[]',10,1,2);
INSERT INTO django_admin_log VALUES(111,'2020-04-30 13:08:43.657002','14','Заказ 14 Статус заказа Обработка','',10,1,3);
INSERT INTO django_admin_log VALUES(112,'2020-04-30 13:08:43.665424','13','Заказ 13 Статус заказа Обработка','',10,1,3);
INSERT INTO django_admin_log VALUES(113,'2020-04-30 13:08:43.675761','12','Заказ 12 Статус заказа Обработка','',10,1,3);
INSERT INTO django_admin_log VALUES(114,'2020-04-30 13:08:43.686436','11','Заказ 11 Статус заказа Обработка','',10,1,3);
INSERT INTO django_admin_log VALUES(115,'2020-04-30 13:08:43.694613','10','Заказ 10 Статус заказа Обработка','',10,1,3);
INSERT INTO django_admin_log VALUES(116,'2020-04-30 13:08:43.702052','9','Заказ 9 Статус заказа Обработка','',10,1,3);
INSERT INTO django_admin_log VALUES(117,'2020-05-01 06:49:08.483657','15','15','',7,1,3);
INSERT INTO django_admin_log VALUES(118,'2020-05-01 06:49:08.496629','13','13','',7,1,3);
INSERT INTO django_admin_log VALUES(119,'2020-05-01 06:49:08.505093','11','11','',7,1,3);
INSERT INTO django_admin_log VALUES(120,'2020-05-01 06:49:08.515370','9','9','',7,1,3);
INSERT INTO django_admin_log VALUES(121,'2020-05-01 06:49:08.526273','8','8','',7,1,3);
INSERT INTO django_admin_log VALUES(122,'2020-05-01 06:49:08.534599','6','6','',7,1,3);
INSERT INTO django_admin_log VALUES(123,'2020-05-01 06:49:08.542839','5','5','',7,1,3);
INSERT INTO django_admin_log VALUES(124,'2020-05-01 06:49:08.558046','3','3','',7,1,3);
INSERT INTO django_admin_log VALUES(125,'2020-05-01 06:49:08.566011','2','2','',7,1,3);
INSERT INTO django_admin_log VALUES(126,'2020-05-01 11:40:54.822106','7','Apple iPhone 11 Pro Max 64 Цена 99990','[{`added`: {}}, {`added`: {`name`: `\u0424\u043e\u0442\u043e\u0433\u0440\u0430\u0444\u0438\u044f`, `object`: `16`}}]',8,1,1);
INSERT INTO django_admin_log VALUES(127,'2020-05-01 11:42:42.514354','8','Apple iPhone 11 64 Цена 59990','[{`added`: {}}, {`added`: {`name`: `\u0424\u043e\u0442\u043e\u0433\u0440\u0430\u0444\u0438\u044f`, `object`: `17`}}]',8,1,1);
INSERT INTO django_admin_log VALUES(128,'2020-05-01 11:43:49.534758','9','Apple iPhone 11 Pro Max 256 Цена 113990','[{`added`: {}}, {`added`: {`name`: `\u0424\u043e\u0442\u043e\u0433\u0440\u0430\u0444\u0438\u044f`, `object`: `18`}}]',8,1,1);
INSERT INTO django_admin_log VALUES(129,'2020-05-01 11:48:56.258180','9','Apple iPhone 11 Pro Max 256 Цена 113990','[{`changed`: {`fields`: [`Description`]}}]',8,1,2);
INSERT INTO django_admin_log VALUES(130,'2020-05-01 11:50:16.376036','9','Apple iPhone 11 Pro Max 256 Цена 113990','[{`changed`: {`fields`: [`Description`]}}]',8,1,2);
INSERT INTO django_admin_log VALUES(131,'2020-05-01 11:50:58.776185','9','Apple iPhone 11 Pro Max 256 Цена 113990','[{`changed`: {`fields`: [`Description`]}}]',8,1,2);
INSERT INTO django_admin_log VALUES(132,'2020-05-02 05:25:10.293858','32','Заказ 32 Статус заказа Отгрузка и отправка','[{`changed`: {`fields`: [`Status`]}}]',10,1,2);
INSERT INTO django_admin_log VALUES(133,'2020-05-02 06:02:57.582710','32','Заказ 32 Статус заказа Отгрузка и отправка','',10,1,3);
INSERT INTO django_admin_log VALUES(134,'2020-05-02 06:02:57.591866','31','Заказ 31 Статус заказа Обработка','',10,1,3);
INSERT INTO django_admin_log VALUES(135,'2020-05-02 06:02:57.603104','30','Заказ 30 Статус заказа Обработка','',10,1,3);
INSERT INTO django_admin_log VALUES(136,'2020-05-02 06:02:57.613347','29','Заказ 29 Статус заказа Обработка','',10,1,3);
INSERT INTO django_admin_log VALUES(137,'2020-05-02 06:02:57.621423','28','Заказ 28 Статус заказа Обработка','',10,1,3);
INSERT INTO django_admin_log VALUES(138,'2020-05-02 06:02:57.632435','27','Заказ 27 Статус заказа Обработка','',10,1,3);
INSERT INTO django_admin_log VALUES(139,'2020-05-02 06:02:57.643530','26','Заказ 26 Статус заказа Обработка','',10,1,3);
INSERT INTO django_admin_log VALUES(140,'2020-05-02 06:02:57.651495','25','Заказ 25 Статус заказа Обработка','',10,1,3);
INSERT INTO django_admin_log VALUES(141,'2020-05-02 06:02:57.662037','24','Заказ 24 Статус заказа Обработка','',10,1,3);
INSERT INTO django_admin_log VALUES(142,'2020-05-02 06:02:57.673300','23','Заказ 23 Статус заказа Обработка','',10,1,3);
INSERT INTO django_admin_log VALUES(143,'2020-05-02 06:02:57.681098','22','Заказ 22 Статус заказа Обработка','',10,1,3);
INSERT INTO django_admin_log VALUES(144,'2020-05-02 06:02:57.690663','21','Заказ 21 Статус заказа Обработка','',10,1,3);
INSERT INTO django_admin_log VALUES(145,'2020-05-02 06:02:57.702144','20','Заказ 20 Статус заказа Обработка','',10,1,3);
INSERT INTO django_admin_log VALUES(146,'2020-05-02 06:02:57.711420','19','Заказ 19 Статус заказа Обработка','',10,1,3);
INSERT INTO django_admin_log VALUES(147,'2020-05-02 06:02:57.720525','18','Заказ 18 Статус заказа Обработка','',10,1,3);
INSERT INTO django_admin_log VALUES(148,'2020-05-02 06:02:57.731901','17','Заказ 17 Статус заказа Обработка','',10,1,3);
INSERT INTO django_admin_log VALUES(149,'2020-05-02 06:02:57.742084','16','Заказ 16 Статус заказа Обработка','',10,1,3);
INSERT INTO django_admin_log VALUES(150,'2020-05-02 06:02:57.749625','15','Заказ 15 Статус заказа Обработка','',10,1,3);
INSERT INTO django_admin_log VALUES(151,'2020-05-02 16:18:38.713457','34','Заказ 34 Статус заказа Обработка','',10,1,3);
INSERT INTO django_admin_log VALUES(152,'2020-05-02 16:18:38.721844','33','Заказ 33 Статус заказа Обработка','',10,1,3);
INSERT INTO django_admin_log VALUES(153,'2020-05-03 10:56:36.833662','9','Apple iPhone 11 Pro Max 256 Цена 113990','[{`added`: {`name`: `\u0424\u043e\u0442\u043e\u0433\u0440\u0430\u0444\u0438\u044f`, `object`: `19`}}, {`changed`: {`name`: `\u0424\u043e\u0442\u043e\u0433\u0440\u0430\u0444\u0438\u044f`, `object`: `18`, `fields`: [`Is active`, `Is main`]}}]',8,1,2);
INSERT INTO django_admin_log VALUES(154,'2020-05-03 10:56:56.652346','8','Apple iPhone 11 64 Цена 59990','[{`changed`: {`name`: `\u0424\u043e\u0442\u043e\u0433\u0440\u0430\u0444\u0438\u044f`, `object`: `17`, `fields`: [`Image`]}}]',8,1,2);
INSERT INTO django_admin_log VALUES(155,'2020-05-03 10:57:00.277175','8','Apple iPhone 11 64 Цена 59990','[{`changed`: {`name`: `\u0424\u043e\u0442\u043e\u0433\u0440\u0430\u0444\u0438\u044f`, `object`: `17`, `fields`: [`Image`]}}]',8,1,2);
INSERT INTO django_admin_log VALUES(156,'2020-05-03 10:57:03.130128','8','Apple iPhone 11 64 Цена 59990','[]',8,1,2);
INSERT INTO django_admin_log VALUES(157,'2020-05-03 10:57:18.405419','7','Apple iPhone 11 Pro Max 64 Цена 99990','[{`changed`: {`name`: `\u0424\u043e\u0442\u043e\u0433\u0440\u0430\u0444\u0438\u044f`, `object`: `16`, `fields`: [`Image`]}}]',8,1,2);
INSERT INTO django_admin_log VALUES(158,'2020-05-03 10:58:18.560896','9','Apple iPhone 11 Pro Max 256 Цена 113990','[{`deleted`: {`name`: `\u0424\u043e\u0442\u043e\u0433\u0440\u0430\u0444\u0438\u044f`, `object`: `None`}}]',8,1,2);
INSERT INTO django_admin_log VALUES(159,'2020-05-03 10:58:36.651594','9','Apple iPhone 11 Pro Max 256 Цена 113990','[{`changed`: {`name`: `\u0424\u043e\u0442\u043e\u0433\u0440\u0430\u0444\u0438\u044f`, `object`: `18`, `fields`: [`Image`, `Is active`, `Is main`]}}]',8,1,2);
INSERT INTO django_admin_log VALUES(160,'2020-05-03 11:03:08.951726','36','Заказ 36 Статус заказа Обработка','',10,1,3);
INSERT INTO django_admin_log VALUES(161,'2020-05-03 11:03:08.961816','35','Заказ 35 Статус заказа Обработка','',10,1,3);
INSERT INTO django_admin_log VALUES(162,'2020-05-03 11:15:05.594199','37','Заказ 37 Статус заказа Обработка','',10,1,3);
INSERT INTO django_admin_log VALUES(163,'2020-05-03 11:20:05.051839','38','Заказ 38 Статус заказа Обработка','',10,1,3);
INSERT INTO django_admin_log VALUES(164,'2020-05-04 08:51:29.369936','39','Заказ 39 Статус заказа Обработка','',10,1,3);
INSERT INTO django_admin_log VALUES(165,'2020-05-04 08:54:38.901776','45','Заказ 45 Статус заказа Обработка','',10,1,3);
INSERT INTO django_admin_log VALUES(166,'2020-05-04 08:54:38.965699','44','Заказ 44 Статус заказа Обработка','',10,1,3);
INSERT INTO django_admin_log VALUES(167,'2020-05-04 08:54:38.986578','43','Заказ 43 Статус заказа Обработка','',10,1,3);
INSERT INTO django_admin_log VALUES(168,'2020-05-04 08:54:38.994816','42','Заказ 42 Статус заказа Обработка','',10,1,3);
INSERT INTO django_admin_log VALUES(169,'2020-05-04 08:54:39.003871','41','Заказ 41 Статус заказа Обработка','',10,1,3);
INSERT INTO django_admin_log VALUES(170,'2020-05-04 08:54:39.015134','40','Заказ 40 Статус заказа Обработка','',10,1,3);
CREATE TABLE IF NOT EXISTS `django_content_type` (`id` integer NOT NULL PRIMARY KEY , `app_label` varchar(100) NOT NULL, `model` varchar(100) NOT NULL);
INSERT INTO django_content_type VALUES(1,'admin','logentry');
INSERT INTO django_content_type VALUES(2,'auth','permission');
INSERT INTO django_content_type VALUES(3,'auth','group');
INSERT INTO django_content_type VALUES(4,'auth','user');
INSERT INTO django_content_type VALUES(5,'contenttypes','contenttype');
INSERT INTO django_content_type VALUES(6,'sessions','session');
INSERT INTO django_content_type VALUES(7,'shop','productimg');
INSERT INTO django_content_type VALUES(8,'shop','product');
INSERT INTO django_content_type VALUES(9,'orders','productinorder');
INSERT INTO django_content_type VALUES(10,'orders','order');
INSERT INTO django_content_type VALUES(11,'orders','status');
INSERT INTO django_content_type VALUES(12,'shop','producttype');
INSERT INTO django_content_type VALUES(13,'orders','productinbasket');
CREATE TABLE IF NOT EXISTS `auth_permission` (`id` integer NOT NULL PRIMARY KEY , `content_type_id` integer NOT NULL REFERENCES `django_content_type` (`id`) , `codename` varchar(100) NOT NULL, `name` varchar(255) NOT NULL);
INSERT INTO auth_permission VALUES(1,1,'add_logentry','Can add log entry');
INSERT INTO auth_permission VALUES(2,1,'change_logentry','Can change log entry');
INSERT INTO auth_permission VALUES(3,1,'delete_logentry','Can delete log entry');
INSERT INTO auth_permission VALUES(4,1,'view_logentry','Can view log entry');
INSERT INTO auth_permission VALUES(5,2,'add_permission','Can add permission');
INSERT INTO auth_permission VALUES(6,2,'change_permission','Can change permission');
INSERT INTO auth_permission VALUES(7,2,'delete_permission','Can delete permission');
INSERT INTO auth_permission VALUES(8,2,'view_permission','Can view permission');
INSERT INTO auth_permission VALUES(9,3,'add_group','Can add group');
INSERT INTO auth_permission VALUES(10,3,'change_group','Can change group');
INSERT INTO auth_permission VALUES(11,3,'delete_group','Can delete group');
INSERT INTO auth_permission VALUES(12,3,'view_group','Can view group');
INSERT INTO auth_permission VALUES(13,4,'add_user','Can add user');
INSERT INTO auth_permission VALUES(14,4,'change_user','Can change user');
INSERT INTO auth_permission VALUES(15,4,'delete_user','Can delete user');
INSERT INTO auth_permission VALUES(16,4,'view_user','Can view user');
INSERT INTO auth_permission VALUES(17,5,'add_contenttype','Can add content type');
INSERT INTO auth_permission VALUES(18,5,'change_contenttype','Can change content type');
INSERT INTO auth_permission VALUES(19,5,'delete_contenttype','Can delete content type');
INSERT INTO auth_permission VALUES(20,5,'view_contenttype','Can view content type');
INSERT INTO auth_permission VALUES(21,6,'add_session','Can add session');
INSERT INTO auth_permission VALUES(22,6,'change_session','Can change session');
INSERT INTO auth_permission VALUES(23,6,'delete_session','Can delete session');
INSERT INTO auth_permission VALUES(24,6,'view_session','Can view session');
INSERT INTO auth_permission VALUES(25,7,'add_productimg','Can add Фотография');
INSERT INTO auth_permission VALUES(26,7,'change_productimg','Can change Фотография');
INSERT INTO auth_permission VALUES(27,7,'delete_productimg','Can delete Фотография');
INSERT INTO auth_permission VALUES(28,7,'view_productimg','Can view Фотография');
INSERT INTO auth_permission VALUES(29,8,'add_product','Can add Товар');
INSERT INTO auth_permission VALUES(30,8,'change_product','Can change Товар');
INSERT INTO auth_permission VALUES(31,8,'delete_product','Can delete Товар');
INSERT INTO auth_permission VALUES(32,8,'view_product','Can view Товар');
INSERT INTO auth_permission VALUES(33,9,'add_productinorder','Can add Товар');
INSERT INTO auth_permission VALUES(34,9,'change_productinorder','Can change Товар');
INSERT INTO auth_permission VALUES(35,9,'delete_productinorder','Can delete Товар');
INSERT INTO auth_permission VALUES(36,9,'view_productinorder','Can view Товар');
INSERT INTO auth_permission VALUES(37,10,'add_order','Can add Заказ');
INSERT INTO auth_permission VALUES(38,10,'change_order','Can change Заказ');
INSERT INTO auth_permission VALUES(39,10,'delete_order','Can delete Заказ');
INSERT INTO auth_permission VALUES(40,10,'view_order','Can view Заказ');
INSERT INTO auth_permission VALUES(41,11,'add_status','Can add Статус заказа');
INSERT INTO auth_permission VALUES(42,11,'change_status','Can change Статус заказа');
INSERT INTO auth_permission VALUES(43,11,'delete_status','Can delete Статус заказа');
INSERT INTO auth_permission VALUES(44,11,'view_status','Can view Статус заказа');
INSERT INTO auth_permission VALUES(45,12,'add_producttype','Can add Категория');
INSERT INTO auth_permission VALUES(46,12,'change_producttype','Can change Категория');
INSERT INTO auth_permission VALUES(47,12,'delete_producttype','Can delete Категория');
INSERT INTO auth_permission VALUES(48,12,'view_producttype','Can view Категория');
INSERT INTO auth_permission VALUES(49,13,'add_productinbasket','Can add Товары');
INSERT INTO auth_permission VALUES(50,13,'change_productinbasket','Can change Товары');
INSERT INTO auth_permission VALUES(51,13,'delete_productinbasket','Can delete Товары');
INSERT INTO auth_permission VALUES(52,13,'view_productinbasket','Can view Товары');
CREATE TABLE IF NOT EXISTS `auth_user` (`id` integer NOT NULL PRIMARY KEY , `password` varchar(128) NOT NULL, `last_login` datetime NULL, `is_superuser` bool NOT NULL, `username` varchar(150) NOT NULL UNIQUE, `first_name` varchar(30) NOT NULL, `email` varchar(254) NOT NULL, `is_staff` bool NOT NULL, `is_active` bool NOT NULL, `date_joined` datetime NOT NULL, `last_name` varchar(150) NOT NULL);
INSERT INTO auth_user VALUES(1,'pbkdf2_sha256$180000$yRemOBfJT9Az$ww1zIvngazhWiC//Dahn1jE/EBNb1e+/DSph047jxpY=','2020-05-04 08:51:20.288082',1,'admin','','bb@gbb.com',1,1,'2020-04-19 17:21:22.880807','');
INSERT INTO auth_user VALUES(2,'',NULL,0,'+79229629084','Расим','',0,1,'2020-04-30 11:56:51.772741','');
INSERT INTO auth_user VALUES(3,'',NULL,0,'89229629084','Расим','',0,1,'2020-04-30 12:22:22.341444','');
INSERT INTO auth_user VALUES(4,'',NULL,0,'89123744226','Максим','',0,1,'2020-04-30 19:07:16.180774','');
INSERT INTO auth_user VALUES(5,'',NULL,0,'89531312339','Расим','',0,1,'2020-05-01 06:05:34.265246','');
CREATE TABLE IF NOT EXISTS `auth_group` (`id` integer NOT NULL PRIMARY KEY , `name` varchar(150) NOT NULL UNIQUE);
CREATE TABLE IF NOT EXISTS `django_session` (`session_key` varchar(40) NOT NULL PRIMARY KEY, `session_data` text NOT NULL, `expire_date` datetime NOT NULL);
INSERT INTO django_session VALUES('lcnczp0dt4w09lvhj63f5jk6ymsit55k','YmMxMjM2OTBmZGNhMGFhNGM5Yzg4Yzc1YjcyNzk4YTgzZTVkYzE3ZTp7Il9hdXRoX3VzZXJfaWQiOiIxIiwiX2F1dGhfdXNlcl9iYWNrZW5kIjoiZGphbmdvLmNvbnRyaWIuYXV0aC5iYWNrZW5kcy5Nb2RlbEJhY2tlbmQiLCJfYXV0aF91c2VyX2hhc2giOiIzNzI1ZjQxNDhlNGIwYmYyNmUzZDIzNWNkOWEyZWFiOWNmYzFmNWU0In0=','2020-05-03 17:21:33.554885');
INSERT INTO django_session VALUES('pui27hhihrr1en2p1h7wwdltu9m9ql60','YmMxMjM2OTBmZGNhMGFhNGM5Yzg4Yzc1YjcyNzk4YTgzZTVkYzE3ZTp7Il9hdXRoX3VzZXJfaWQiOiIxIiwiX2F1dGhfdXNlcl9iYWNrZW5kIjoiZGphbmdvLmNvbnRyaWIuYXV0aC5iYWNrZW5kcy5Nb2RlbEJhY2tlbmQiLCJfYXV0aF91c2VyX2hhc2giOiIzNzI1ZjQxNDhlNGIwYmYyNmUzZDIzNWNkOWEyZWFiOWNmYzFmNWU0In0=','2020-05-16 05:23:32.360215');
INSERT INTO django_session VALUES('ezimtflorkwxa0u2g226d2t9knwdg6tg','NDI2MGY2ZDY1OWU0ZDViOTkxOTI0ODkxNWZhYTY3MGIzOTI4YzA1Yzp7fQ==','2020-05-16 05:26:39.512759');
INSERT INTO django_session VALUES('3p700v93x44xskje3t625b9qy4hzul30','YmMxMjM2OTBmZGNhMGFhNGM5Yzg4Yzc1YjcyNzk4YTgzZTVkYzE3ZTp7Il9hdXRoX3VzZXJfaWQiOiIxIiwiX2F1dGhfdXNlcl9iYWNrZW5kIjoiZGphbmdvLmNvbnRyaWIuYXV0aC5iYWNrZW5kcy5Nb2RlbEJhY2tlbmQiLCJfYXV0aF91c2VyX2hhc2giOiIzNzI1ZjQxNDhlNGIwYmYyNmUzZDIzNWNkOWEyZWFiOWNmYzFmNWU0In0=','2020-05-18 08:51:20.299565');
CREATE TABLE IF NOT EXISTS `orders_status` (`id` integer NOT NULL PRIMARY KEY , `is_active` bool NOT NULL, `created` datetime NOT NULL, `updated` datetime NOT NULL, `name` varchar(24) NULL);
INSERT INTO orders_status VALUES(1,1,'2020-04-20 17:09:24.469102','2020-04-20 17:09:24.469133','Обработка');
INSERT INTO orders_status VALUES(2,1,'2020-04-20 17:09:39.203291','2020-04-20 17:09:39.203315','Отправка');
INSERT INTO orders_status VALUES(3,1,'2020-04-20 17:09:46.186662','2020-04-20 17:09:46.186687','В пути');
CREATE TABLE IF NOT EXISTS `orders_productinorder` (`id` integer NOT NULL PRIMARY KEY , `status` bool NOT NULL, `created` datetime NOT NULL, `updated` datetime NOT NULL, `order_id` integer NULL REFERENCES `orders_order` (`id`) , `product_id` integer NULL REFERENCES `shop_product` (`id`) , `nmb` integer NOT NULL, `price_per_item` decimal NOT NULL, `total_price` decimal NOT NULL);
INSERT INTO orders_productinorder VALUES(58,1,'2020-05-04 08:47:22.243834','2020-05-04 08:47:22.243878',47,2,1,155990,155990);
INSERT INTO orders_productinorder VALUES(59,1,'2020-05-04 08:48:47.954547','2020-05-04 08:48:47.954580',49,3,1,382990,382990);
CREATE TABLE IF NOT EXISTS `shop_productimg` (`id` integer NOT NULL PRIMARY KEY , `image` varchar(100) NOT NULL, `is_active` bool NOT NULL, `created` datetime NOT NULL, `updated` datetime NOT NULL, `product_id` integer NULL REFERENCES `shop_product` (`id`) , `is_main` bool NOT NULL);
INSERT INTO shop_productimg VALUES(1,'media/shop_images/Apple_MacBook_Pro_13_1.jpg',1,'2020-04-20 16:21:13.496512','2020-04-21 12:55:54.869841',1,1);
INSERT INTO shop_productimg VALUES(4,'media/shop_images/Apple_MacBook_Pro_13_1_1.jpg',1,'2020-04-20 16:25:53.226284','2020-04-21 12:56:56.903068',2,1);
INSERT INTO shop_productimg VALUES(7,'media/shop_images/Apple_MacBook_Pro_16_1.jpg',1,'2020-04-20 16:30:11.976300','2020-04-21 12:57:02.165782',3,1);
INSERT INTO shop_productimg VALUES(10,'media/shop_images/Apple_Watch_Series_5_1.jpg',1,'2020-04-20 16:33:47.045469','2020-04-21 12:57:17.398439',4,1);
INSERT INTO shop_productimg VALUES(12,'media/shop_images/Apple_Watch_Series_3_1.jpg',1,'2020-04-20 16:35:03.220610','2020-04-21 12:57:23.895157',5,1);
INSERT INTO shop_productimg VALUES(14,'media/shop_images/Apple_Watch_Nike_Series_5_1.jpg',1,'2020-04-20 16:36:00.127813','2020-04-21 12:57:52.367082',6,1);
INSERT INTO shop_productimg VALUES(16,'media/shop_images/Apple_iPhone_11_Pro_Max_64_D5E6Aey.jpg',1,'2020-05-01 11:40:54.821460','2020-05-03 10:57:18.404500',7,1);
INSERT INTO shop_productimg VALUES(17,'media/shop_images/Apple_iPhone_11_64__2A6zuSp.jpg',1,'2020-05-01 11:42:42.513792','2020-05-03 10:57:00.276026',8,1);
INSERT INTO shop_productimg VALUES(18,'media/shop_images/Apple_iPhone_11_Pro_Max_64_D5E6Aey_CRzsbHO.jpg',1,'2020-05-01 11:43:49.533859','2020-05-03 10:58:36.650596',9,1);
CREATE TABLE IF NOT EXISTS `shop_producttype` (`id` integer NOT NULL PRIMARY KEY , `name` varchar(64) NOT NULL, `is_active` bool NOT NULL);
INSERT INTO shop_producttype VALUES(1,'Laptop',1);
INSERT INTO shop_producttype VALUES(2,'Phone',1);
INSERT INTO shop_producttype VALUES(3,'Watch',1);
CREATE TABLE IF NOT EXISTS `shop_product` (`id` integer NOT NULL PRIMARY KEY , `name` varchar(128) NULL, `description` text NULL, `is_active` bool NOT NULL, `created` datetime NOT NULL, `updated` datetime NOT NULL, `price` decimal NOT NULL, `type_id` integer NULL REFERENCES `shop_producttype` (`id`) );
INSERT INTO shop_product VALUES(1,'Apple MacBook Pro 13','QC i5 2,4 ГГц, 16 ГБ, 512 ГБ SSD, Iris 655, Touch Bar, Цвет «серый космос»',1,'2020-04-20 16:21:13.494461','2020-04-21 16:40:28.482599',191990,1);
INSERT INTO shop_product VALUES(2,'Apple MacBook Pro 13','Core i5 2,4 ГГц, 8 ГБ, 256 ГБ SSD, Iris Plus 655, Touch Bar, Цвет «серый космос»',1,'2020-04-20 16:25:53.224143','2020-04-21 16:40:35.090253',155990,1);
INSERT INTO shop_product VALUES(3,'Apple MacBook Pro 16','8 Core i9 2,4 ГГц, 64 ГБ, 2 ТБ SSD, AMD Radeon Pro 5500M, Touch Bar,  Цвет «серый космос»',1,'2020-04-20 16:30:11.974748','2020-04-21 16:40:40.441078',382990,1);
INSERT INTO shop_product VALUES(4,'Apple Watch Series 5','44 мм, корпус из алюминия цвета «серый космос», спортивный браслет чёрного цвета',1,'2020-04-20 16:33:47.043727','2020-04-21 16:40:59.679796',34990,3);
INSERT INTO shop_product VALUES(5,'Apple Watch Series 3','38 мм, корпус из алюминия цвета «серый космос», спортивный ремешок чёрного цвета',1,'2020-04-20 16:35:03.219240','2020-04-21 16:41:06.007429',15990,3);
INSERT INTO shop_product VALUES(6,'Apple Watch Nike Series 5','44 мм, корпус из алюминия цвета «серый космос», спортивный ремешок Nike «антрацитовый/чёрный»',1,'2020-04-20 16:36:00.126845','2020-04-21 16:41:12.550769',34990,3);
INSERT INTO shop_product VALUES(7,'Apple iPhone 11 Pro Max 64',replace(replace('Объем накопителя 64 ГБ\r\nПроцессор A13 Bionic\r\nДиагональ 6,5`\r\nРазрешение	2688x1242\r\nЯркость 800 кд/м²\r\nКонтрастность	2000000:1\r\nПлотность пикселей на дюйм 458 пикс/дюйм\r\nТип дисплея OLED\r\nMulti-Touch	Да\r\nТехнологии дисплея	True Tone\r\nРазрешение камеры	12 Мп','\r',char(13)),'\n',char(10)),1,'2020-05-01 11:40:54.819814','2020-05-03 10:57:18.402874',99990,2);
INSERT INTO shop_product VALUES(8,'Apple iPhone 11 64',replace(replace('Объем накопителя	64 ГБ\r\nПроцессор A13 Bionic\r\nДиагональ 6,1`\r\nРазрешение	1792x828\r\nЯркость 625 кд/м²\r\nКонтрастность 1400:1\r\nПлотность пикселей на дюйм 326 пикс/дюйм\r\nТип дисплея IPS','\r',char(13)),'\n',char(10)),1,'2020-05-01 11:42:42.512583','2020-05-03 10:57:03.129039',59990,2);
INSERT INTO shop_product VALUES(9,'Apple iPhone 11 Pro Max 256',replace(replace('Объем накопителя 256 ГБ\r\n\r\nПроцессор	A13 Bionic\r\n\r\nДиагональ 6,5`\r\n\r\nРазрешение	2688x1242\r\n\r\nЯркость 800 кд/м²\r\n\r\nКонтрастность 2000000:1\r\n\r\nПлотность пикселей на дюйм 458 пикс/дюйм\r\n\r\nТип дисплея OLED','\r',char(13)),'\n',char(10)),1,'2020-05-01 11:43:49.531780','2020-05-03 10:58:36.649093',113990,2);
CREATE TABLE IF NOT EXISTS `orders_productinbasket` (`id` integer NOT NULL PRIMARY KEY , `price_per_item` decimal NOT NULL, `total_price` decimal NOT NULL, `is_active` bool NOT NULL, `created` datetime NOT NULL, `updated` datetime NOT NULL, `order_id` integer NULL REFERENCES `orders_order` (`id`), `product_id` integer NULL REFERENCES `shop_product` (`id`), `session_key` varchar(128) NULL, `nmb` integer NOT NULL);
CREATE TABLE IF NOT EXISTS `orders_order` (`id` integer NOT NULL PRIMARY KEY , `customer_name` varchar(128) NULL, `customer_email` varchar(254) NULL, `customer_phone` varchar(48) NULL, `comments` text NULL, `created` datetime NOT NULL, `updated` datetime NOT NULL, `status_id` integer NOT NULL REFERENCES `orders_status` (`id`), `customer_address` varchar(128) NULL, `total_price` decimal NOT NULL, `user_id` integer NULL REFERENCES `auth_user` (`id`) );
INSERT INTO orders_order VALUES(46,'Rasim','formcsp@gmail.com','89229629084',NULL,'2020-05-04 08:45:10.363150','2020-05-04 08:45:10.363180',1,'Казань Proletarskay, 79',0,3);
INSERT INTO orders_order VALUES(47,'Rasim','formcsp@gmail.com','89229629084',NULL,'2020-05-04 08:47:22.220890','2020-05-04 08:47:22.255629',1,'Казань Proletarskay, 79',155990,3);
INSERT INTO orders_order VALUES(48,'Rasim','formcsp@gmail.com','89229629084',NULL,'2020-05-04 08:48:03.466612','2020-05-04 08:48:03.466643',1,'Казань Proletarskay, 79',0,3);
INSERT INTO orders_order VALUES(49,'Rasim','formcsp@gmail.com','89229629084',NULL,'2020-05-04 08:48:47.930406','2020-05-04 08:48:47.965093',1,'Казань Proletarskay, 79',382990,3);
CREATE UNIQUE INDEX `auth_group_permissions_group_id_permission_id_0cd325b0_uniq` ON `auth_group_permissions` (`group_id`, `permission_id`);
CREATE INDEX `auth_group_permissions_group_id_b120cbf9` ON `auth_group_permissions` (`group_id`);
CREATE INDEX `auth_group_permissions_permission_id_84c5c92e` ON `auth_group_permissions` (`permission_id`);
CREATE UNIQUE INDEX `auth_user_groups_user_id_group_id_94350c0c_uniq` ON `auth_user_groups` (`user_id`, `group_id`);
CREATE INDEX `auth_user_groups_user_id_6a12ed8b` ON `auth_user_groups` (`user_id`);
CREATE INDEX `auth_user_groups_group_id_97559544` ON `auth_user_groups` (`group_id`);
CREATE UNIQUE INDEX `auth_user_user_permissions_user_id_permission_id_14a6b632_uniq` ON `auth_user_user_permissions` (`user_id`, `permission_id`);
CREATE INDEX `auth_user_user_permissions_user_id_a95ead1b` ON `auth_user_user_permissions` (`user_id`);
CREATE INDEX `auth_user_user_permissions_permission_id_1fbb5f2c` ON `auth_user_user_permissions` (`permission_id`);
CREATE INDEX `django_admin_log_content_type_id_c4bce8eb` ON `django_admin_log` (`content_type_id`);
CREATE INDEX `django_admin_log_user_id_c564eba6` ON `django_admin_log` (`user_id`);
CREATE UNIQUE INDEX `django_content_type_app_label_model_76bd3d3b_uniq` ON `django_content_type` (`app_label`, `model`);
CREATE UNIQUE INDEX `auth_permission_content_type_id_codename_01ab375a_uniq` ON `auth_permission` (`content_type_id`, `codename`);
CREATE INDEX `auth_permission_content_type_id_2f476e4b` ON `auth_permission` (`content_type_id`);
CREATE INDEX `django_session_expire_date_a5c62663` ON `django_session` (`expire_date`);
CREATE INDEX `orders_productinorder_order_id_12dc2f52` ON `orders_productinorder` (`order_id`);
CREATE INDEX `orders_productinorder_product_id_43664b5a` ON `orders_productinorder` (`product_id`);
CREATE INDEX `shop_productimg_product_id_1ff00278` ON `shop_productimg` (`product_id`);
CREATE INDEX `shop_product_type_id_7916f431` ON `shop_product` (`type_id`);
CREATE INDEX `orders_productinbasket_order_id_9e1296b2` ON `orders_productinbasket` (`order_id`);
CREATE INDEX `orders_productinbasket_product_id_5757fd66` ON `orders_productinbasket` (`product_id`);
CREATE INDEX `orders_order_status_id_d80abc38` ON `orders_order` (`status_id`);
CREATE INDEX `orders_order_user_id_e9b59eb1` ON `orders_order` (`user_id`);
